City_ID,City,Lat,Lng,Max Temp,Humidity,Cloudiness,Wind Speed,Country,Date
0,port mathurin,-19.6833,63.4167,26.83,78,2,2.63,MU,1738794945
1,flin flon,54.7682,-101.865,-17.09,66,75,3.09,CA,1738794946
2,port-aux-francais,-49.35,70.2167,7.39,95,99,8.84,TF,1738794921
3,ichnya,50.8626,32.3942,-1.24,76,100,5.21,UA,1738794949
4,crete,35.1558,24.895,3.92,65,82,4.96,GR,1738794950
5,tazovsky,67.4667,78.7,-19.67,98,59,2.82,RU,1738794951
6,bredasdorp,-34.5322,20.0403,17.7,53,100,2.25,ZA,1738794952
7,olonkinbyen,70.9221,-8.7187,-1.72,99,82,13.99,SJ,1738794953
8,sao jose da coroa grande,-8.8978,-35.1478,26.17,84,100,5.55,BR,1738794955
9,kourou,5.1552,-52.6478,24.19,94,95,2.98,GF,1738794956
10,constantia,44.1833,28.65,-2.39,65,16,5.8,RO,1738794959
11,blackmans bay,-43.0167,147.3167,18.18,65,70,0.89,AU,1738794962
12,magadan,59.5667,150.8,-21.54,71,1,3.73,RU,1738794963
13,invercargill,-46.4,168.35,13.9,71,87,4.02,NZ,1738794964
14,whitehorse,60.7161,-135.0538,-18.57,84,75,1.54,CA,1738794958
15,vorkuta,67.5,64.0,-13.93,98,97,3.05,RU,1738794966
16,edinburgh of the seven seas,-37.0676,-12.3116,18.8,95,84,11.81,SH,1738794967
17,puerto natales,-51.7236,-72.4875,14.25,51,75,2.06,CL,1738794969
18,qaqortoq,60.7167,-46.0333,-22.66,81,3,3.73,GL,1738794970
19,akureyri,65.6835,-18.0878,7.96,57,100,12.86,IS,1738794971
20,margaret river,-33.95,115.0667,19.65,77,0,7.22,AU,1738794972
21,coronel dorrego,-38.7187,-61.2873,24.02,47,22,6.44,AR,1738794973
22,sinabang,2.4803,96.3801,25.92,83,95,1.26,ID,1738794975
23,dazhou,31.2159,107.5009,6.8,89,100,2.55,CN,1738794809
24,grytviken,-54.2811,-36.5092,1.62,95,98,4.36,GS,1738794977
25,kingston,17.997,-76.7936,30.53,48,20,2.06,JM,1738794939
26,jamestown,42.097,-79.2353,-4.13,58,0,2.57,US,1738794859
27,susanville,40.4163,-120.653,5.91,39,0,6.69,US,1738794981
28,richfield,44.8833,-93.283,-4.7,72,100,5.14,US,1738794981
29,meadow lake,34.8014,-106.5436,22.03,9,0,2.76,US,1738794983
30,bayanhongor,46.7167,100.1167,-30.24,87,10,1.67,MN,1738794984
31,punta arenas,-53.15,-70.9167,14.06,51,100,7.72,CL,1738794786
32,iskateley,67.6803,53.1512,-8.36,91,87,7.76,RU,1738794987
33,iqaluit,63.7506,-68.5145,-30.15,69,75,2.06,CA,1738794988
34,rongelap,11.1635,166.8941,26.47,85,88,8.93,MH,1738794989
35,geraldton,-28.7667,114.6,24.23,83,100,3.6,AU,1738794990
36,talnakh,69.4865,88.3972,-23.47,99,85,3.42,RU,1738794991
37,minot air force base,48.4209,-101.3391,-12.9,72,100,4.12,US,1738794811
38,labytnangi,66.6572,66.4183,-14.88,96,100,2.82,RU,1738794995
39,haiku-pauwela,20.9219,-156.3051,23.47,78,20,8.94,US,1738794996
40,east london,-33.0153,27.9116,21.29,90,99,3.48,ZA,1738794997
41,hami,42.8,93.45,-8.04,46,0,2.15,CN,1738794998
42,kamyshlov,56.8428,62.7111,-14.07,100,95,1.95,RU,1738794741
43,arsen'yev,44.1631,133.2733,-19.27,99,87,1.5,RU,1738795001
44,tidjikja,18.5564,-11.4271,17.94,15,0,5.23,MR,1738795002
45,brentwood,40.7812,-73.2462,-0.01,49,75,3.09,US,1738794932
46,tazacorte,28.629,-17.9293,17.54,76,75,6.69,ES,1738795006
47,tiksi,71.6872,128.8694,-30.46,97,100,3.31,RU,1738795007
48,grand falls-windsor,48.9332,-55.6649,-14.16,68,74,0.89,CA,1738795008
49,fortaleza,-3.7227,-38.5247,28.45,78,0,3.6,BR,1738794795
50,afaahiti,-17.75,-149.2833,26.16,79,89,6.4,PF,1738795010
51,bethel,41.3712,-73.414,-1.72,49,94,0.89,US,1738795011
52,bhongir,17.5108,78.8889,19.75,60,2,1.04,IN,1738795013
53,albany,42.6001,-73.9662,-5.76,54,32,0.45,US,1738794859
54,papatowai,-46.5619,169.4708,14.22,56,65,2.79,NZ,1738795015
55,west island,-12.1568,96.8225,27.99,89,20,6.69,CC,1738795016
56,kolonia town,6.964,158.206,29.0,74,100,4.63,FM,1738795017
57,sola,-13.8833,167.55,27.6,75,85,3.74,VU,1738795019
58,avarua,-21.2078,-159.775,29.03,79,100,3.6,CK,1738795020
59,tolanaro,-25.0319,46.9987,25.08,92,2,4.63,MG,1738795021
60,bardai,11.65,7.2333,20.22,11,0,4.39,NG,1738795022
61,port elizabeth,-33.918,25.5701,20.17,96,92,0.89,ZA,1738795023
62,puerto lempira,15.2667,-83.7667,29.08,74,40,5.14,HN,1738795024
63,waitangi,-43.9535,-176.5597,16.01,77,91,2.68,NZ,1738795026
64,sisimiut,66.9395,-53.6735,-22.78,95,97,1.65,GL,1738795027
65,ilulissat,69.2167,-51.1,-22.99,54,2,6.69,GL,1738795029
66,desaguadero,-16.5656,-69.0417,12.8,47,100,5.18,PE,1738795030
67,keflavik,64.0049,-22.5624,6.24,70,75,25.21,IS,1738795031
68,islampur,26.2667,88.2,16.41,51,0,2.18,IN,1738795032
69,fu'an,27.0892,119.6453,7.94,66,96,0.55,CN,1738795033
70,usogorsk,63.4106,48.6872,-13.28,100,96,1.83,RU,1738795034
71,callao,-12.0667,-77.15,25.16,73,0,7.72,PE,1738794896
72,ushuaia,-54.8,-68.3,12.81,54,40,2.06,AR,1738795003
73,ulsteinvik,62.3432,5.8487,5.73,84,63,1.34,NO,1738795038
74,kone,-21.0595,164.8658,30.33,68,97,2.33,NC,1738795039
75,enewetak,11.3474,162.3373,27.06,74,99,7.53,MH,1738795040
76,burutu,5.3509,5.5076,27.43,80,68,3.37,NG,1738795041
77,carnarvon,-24.8667,113.6333,26.36,76,6,7.88,AU,1738795043
78,smithers,54.7804,-127.1743,-12.82,61,0,2.06,CA,1738795044
79,khorixas,-20.3667,14.9667,21.64,79,100,1.83,NA,1738795045
80,porto novo,6.4965,2.6036,28.9,85,35,3.33,BJ,1738795046
81,kapa'a,22.0752,-159.319,25.26,72,75,4.12,US,1738795048
82,beloretsk,53.9631,58.3981,-14.21,99,100,2.34,RU,1738795049
83,sitka,57.0531,-135.33,3.94,56,0,0.0,US,1738795041
84,lebu,-37.6167,-73.65,17.51,86,2,6.56,CL,1738795051
85,timbiqui,2.7717,-77.6654,24.78,93,79,2.28,CO,1738795052
86,anadyr,64.75,177.4833,-37.72,73,0,5.0,RU,1738795053
87,bontang,0.1333,117.5,25.17,88,94,1.73,ID,1738795055
88,uttaradit,17.6667,100.5,19.85,69,0,1.41,TH,1738795056
89,udachny,66.4167,112.4,-22.54,99,100,2.11,RU,1738795057
90,pimentel,-6.8367,-79.9342,26.16,61,100,8.23,PE,1738795058
91,arteche,12.2645,125.4048,25.36,91,100,4.72,PH,1738795060
92,polyarnyy,69.1989,33.4478,-5.14,83,100,10.88,RU,1738795061
93,pocito,-31.6833,-68.5833,33.82,19,0,5.53,AR,1738795062
94,remire-montjoly,4.9167,-52.2667,27.02,89,100,1.54,GF,1738795063
95,isafjordur,66.0755,-23.124,1.27,89,77,13.11,IS,1738795031
96,pembroke,45.8168,-77.1162,-11.01,55,46,1.03,CA,1738794928
97,saldanha,-33.0117,17.9442,17.56,69,0,12.13,ZA,1738795068
98,bilibino,68.0546,166.4372,-41.39,95,7,1.2,RU,1738795069
99,sandnessjoen,66.0217,12.6316,4.12,81,40,4.63,NO,1738795070
100,condoto,5.0935,-76.6497,24.77,89,100,1.33,CO,1738795071
101,vorgashor,67.5833,63.95,-14.24,98,98,3.13,RU,1738795073
102,fale old settlement,-9.3852,-171.2468,28.62,73,83,7.54,TK,1738795074
103,uturoa,-16.7333,-151.4333,28.07,73,63,5.45,PF,1738795075
104,hede,33.7681,120.2517,-5.37,34,49,2.1,CN,1738795076
105,longyearbyen,78.2186,15.6401,-0.09,64,20,5.14,SJ,1738795077
106,plastun,44.7561,136.2939,-13.93,58,100,7.04,RU,1738795079
107,sharypovo,55.5403,89.2008,-20.01,100,90,1.18,RU,1738795080
108,nishinoomote,30.7333,131.0,9.0,57,100,12.27,JP,1738795081
109,kodiak,57.79,-152.4072,0.73,75,0,2.06,US,1738795082
110,new norfolk,-42.7826,147.0587,18.84,49,52,1.15,AU,1738795083
111,nova sintra,14.8667,-24.7167,22.37,71,2,8.61,CV,1738795084
112,rio grande,-32.035,-52.0986,25.26,91,5,6.29,BR,1738794850
113,aasiaat,68.7098,-52.8699,-31.41,97,54,1.92,GL,1738795087
114,falam,22.9167,93.6833,11.46,64,3,2.04,MM,1738795088
115,yaren,-0.5472,166.916,26.74,80,19,6.88,NR,1738795089
116,fort stockton,30.894,-102.8793,31.03,13,0,3.6,US,1738795090
117,aykhal,66.0,111.5,-22.33,98,99,1.93,RU,1738795092
118,huanren,41.2647,125.3667,-20.25,99,69,0.33,CN,1738795093
119,odienne,9.51,-7.5692,24.43,19,71,2.41,CI,1738795094
120,mili,6.0815,171.735,27.06,83,69,9.62,MH,1738795095
121,san carlos,9.6612,-68.5827,29.53,48,64,2.52,VE,1738795096
122,colonia,50.9333,6.95,3.92,92,100,1.03,DE,1738795097
123,ma'an,26.9775,110.7211,6.73,86,100,1.98,CN,1738795099
124,badger,64.8,-147.5333,-8.9,86,100,0.0,US,1738795100
125,tres lagoas,-20.7511,-51.6783,22.14,93,100,3.47,BR,1738795050
126,tura,25.5198,90.2201,15.12,63,0,1.79,IN,1738795102
127,adamstown,-25.066,-130.1015,25.34,77,3,6.16,PN,1738795103
128,howard springs,-12.497,131.047,25.49,93,96,3.87,AU,1738795104
129,georgetown,5.4112,100.3354,26.96,78,20,1.03,MY,1738794930
130,canto do buriti,-8.11,-42.9444,26.11,58,31,0.64,BR,1738795107
131,saint-felicien,48.6501,-72.4491,-12.62,56,20,2.57,CA,1738795108
132,howrah,22.5892,88.3103,21.0,94,30,0.0,IN,1738795109
133,saint-pierre,-21.3393,55.4781,26.82,83,0,3.09,RE,1738795110
134,mahina,-17.5065,-149.489,29.87,66,75,3.09,PF,1738795112
135,chiavenna,46.3216,9.3986,4.96,70,0,0.45,IT,1738795113
136,auki,-8.7676,160.7034,29.73,68,100,1.62,SB,1738795114
137,wenshui,28.4506,106.5267,2.84,98,100,0.6,CN,1738795115
138,namtsy,62.7161,129.6658,-41.8,99,50,1.62,RU,1738795117
139,makushino,55.2103,67.2442,-6.6,97,100,1.75,RU,1738795118
140,yuzhno-kurilsk,44.0306,145.8556,-1.72,81,28,4.92,RU,1738795119
141,gorokhovets,56.1947,42.7003,-6.9,97,63,1.71,RU,1738795120
142,puerto ayora,-0.7393,-90.3518,25.86,94,24,1.79,EC,1738795121
143,el-tor,28.2364,33.6254,17.08,55,0,6.17,EG,1738795124
144,hermanus,-34.4187,19.2345,14.89,58,96,5.14,ZA,1738795125
145,terrace,54.5163,-128.6035,-7.05,53,20,4.12,CA,1738795126
146,altamira,-3.2033,-52.2064,23.74,96,99,1.28,BR,1738795127
147,coruripe,-10.1256,-36.1756,25.47,81,100,4.11,BR,1738795128
148,vallenar,-28.5708,-70.7581,25.83,46,0,2.84,CL,1738795130
149,lihue,21.9789,-159.3672,24.85,69,75,4.12,US,1738795066
150,al jawf,29.5,38.75,10.34,66,100,5.23,SA,1738795132
151,ribeira grande,38.5167,-28.7,18.22,94,75,5.36,PT,1738795133
152,peace river,56.2501,-117.286,-21.83,84,100,5.14,CA,1738795134
153,vilyuysk,63.7553,121.6247,-46.21,100,61,1.37,RU,1738795136
154,arraial do cabo,-22.9661,-42.0278,24.98,83,20,6.69,BR,1738795138
155,correntina,-13.3433,-44.6367,22.53,56,1,1.24,BR,1738795139
156,taulaga,-11.0553,-171.0883,28.16,76,49,6.67,AS,1738795142
157,chonchi,-42.6128,-73.8092,17.29,72,85,2.46,CL,1738795143
158,pacific grove,36.6177,-121.9166,15.21,66,0,4.12,US,1738794857
159,vodnyy,63.5046,53.4095,-16.44,99,75,1.3,RU,1738795145
160,praia da vitoria,38.7333,-27.0667,18.14,82,40,3.82,PT,1738795146
161,port moresby,-9.4431,147.1797,27.52,73,100,2.65,PG,1738795147
162,salekhard,66.53,66.6019,-14.89,95,100,3.23,RU,1738794903
163,belyy yar,53.6039,91.3903,-13.06,92,93,0.0,RU,1738795150
164,klyuchi,52.2667,79.1667,-16.63,83,5,5.17,RU,1738795151
165,bakchar,57.0186,82.0711,-24.63,100,87,1.6,RU,1738795152
166,knyaze-volkonskoye,48.4642,135.4567,-9.81,97,100,0.98,RU,1738795153
167,banikoara,11.2985,2.4386,25.65,9,1,2.31,BJ,1738795155
168,filiasi,44.55,23.5167,1.46,65,24,1.81,RO,1738795156
169,laguna,38.421,-121.4238,13.9,44,0,5.14,US,1738795157
170,greymouth,-42.4667,171.2,19.45,67,100,2.58,NZ,1738795158
171,sargatskoye,55.6101,73.4972,-21.02,100,96,2.14,RU,1738795159
172,namsos,64.4662,11.4957,3.95,75,40,5.14,NO,1738795161
173,lautoka,-17.6167,177.4667,26.92,78,75,5.66,FJ,1738795162
174,tromso,69.6496,18.957,2.01,80,75,9.77,NO,1738795163
175,nemuro,43.3236,145.575,0.27,76,9,7.91,JP,1738795165
176,lorengau,-2.0226,147.2712,27.92,80,100,3.51,PG,1738795166
177,qingyuan,23.7,113.0333,12.9,42,100,1.77,CN,1738795167
178,hadibu,12.65,54.0333,21.89,71,17,4.27,YE,1738795168
179,kapuskasing,49.4169,-82.4331,-8.95,53,20,8.23,CA,1738795169
180,bilkha,21.4333,70.6,15.67,32,0,3.42,IN,1738795171
181,guerrero negro,27.9769,-114.0611,17.27,66,0,7.0,MX,1738795172
182,chul'man,56.8479,124.9104,-34.03,100,100,1.51,RU,1738795173
183,shimoda,34.6667,138.95,2.18,59,19,10.85,JP,1738795174
184,launceston,-41.45,147.1667,15.8,67,3,2.06,AU,1738795175
185,nar'yan-mar,67.6713,53.087,-8.35,91,87,7.76,RU,1738795177
186,hasaki,35.7333,140.8333,4.14,32,0,6.93,JP,1738795178
187,cabedelo,-6.9811,-34.8339,24.37,87,100,6.72,BR,1738795179
188,estevan,49.1334,-102.9842,-14.89,78,100,4.63,CA,1738795140
189,benguela,-12.5763,13.4055,25.8,84,64,1.37,AO,1738795181
190,yellowknife,62.456,-114.3525,-4.71,74,75,8.23,CA,1738795183
191,torghay,49.6339,63.4981,-10.82,92,87,6.4,KZ,1738795184
192,princeville,45.7668,-61.2985,-12.6,83,99,2.68,CA,1738795185
193,upata,8.0086,-62.3989,24.91,68,100,3.54,VE,1738795026
194,el matama,16.7095,33.3565,24.26,18,0,7.7,SD,1738795187
195,makhambet,47.6667,51.5833,-4.31,91,99,4.31,KZ,1738795188
196,port blair,11.6667,92.75,23.02,94,40,1.03,IN,1738795190
197,jaciara,-15.9653,-54.9683,23.09,86,66,1.74,BR,1738795191
198,saipan,15.1355,145.701,28.39,75,0,6.17,MP,1738795000
199,sungai raya,0.7,108.9,23.51,95,100,3.2,ID,1738795193
200,guangyuan,32.442,105.823,4.17,49,73,2.05,CN,1738795194
201,worland,44.0169,-107.9554,3.71,51,49,6.91,US,1738795196
202,iquique,-20.2208,-70.1431,21.61,81,12,1.87,CL,1738794719
203,key largo,25.0865,-80.4473,23.89,77,21,5.12,US,1738795043
204,wailua homesteads,22.0669,-159.378,24.51,72,75,4.12,US,1738795199
205,galle,6.0367,80.217,22.87,90,62,4.89,LK,1738795200
206,inari,68.906,27.0288,-2.93,89,100,3.12,FI,1738795202
207,moranbah,-22.0016,148.0466,21.01,98,100,6.37,AU,1738795203
208,atafu village,-8.5421,-172.5159,28.3,75,18,7.25,TK,1738795204
209,al burayqah,30.4062,19.5739,16.25,68,100,4.76,LY,1738795205
210,ujae,8.9322,165.7642,27.09,84,74,9.53,MH,1738795206
211,cabo san lucas,22.8909,-109.9124,26.17,33,0,3.6,MX,1738794924
212,nizhnyaya tavda,57.6731,66.1725,-8.16,97,99,1.79,RU,1738795209
213,arkhangel'sk,64.5401,40.5433,-4.94,86,20,5.0,RU,1738795210
214,zhezqazghan,47.7833,67.7667,-12.06,87,6,5.71,KZ,1738795211
215,vilyuchinsk,52.9306,158.4028,-0.85,83,100,7.06,RU,1738795212
216,lubao,14.9167,120.55,24.84,83,78,2.18,PH,1738795213
217,anatuya,-28.4606,-62.8347,37.81,24,0,3.97,AR,1738795215
218,utrik,11.2278,169.8474,26.17,83,100,9.63,MH,1738795216
219,gordonvale,-17.0936,145.7842,29.49,92,100,0.27,AU,1738795217
220,amalapuram,16.5833,82.0167,19.14,95,63,0.91,IN,1738795218
221,fallon,39.4735,-118.7774,9.5,23,40,4.12,US,1738795219
222,chauk,20.8833,94.8167,19.3,48,19,1.17,MM,1738795220
223,undurkhaan,47.3194,110.6556,-24.11,63,73,7.47,MN,1738795222
224,taltal,-25.4,-70.4833,20.39,80,33,2.24,CL,1738795223
225,gorontalo,0.5412,123.0595,24.71,92,100,1.26,ID,1738795224
226,levuka,50.1834,-105.4011,-18.16,96,100,4.35,CA,1738795225
227,jerantut,3.936,102.3626,21.03,98,84,0.7,MY,1738795226
228,mogocha,53.7333,119.7667,-23.75,88,90,2.69,RU,1738795228
229,hawaiian paradise park,19.5933,-154.9731,24.93,76,20,4.12,US,1738795229
230,hamilton,39.1834,-84.5333,1.07,91,100,4.12,US,1738795230
231,sur,22.5667,59.5289,18.6,57,47,1.71,OM,1738795231
232,la gi,10.6667,107.7833,20.27,85,94,2.34,VN,1738795232
233,zheleznodorozhnyy,55.7503,38.0042,-0.25,83,100,1.63,RU,1738795233
234,kaifeng,34.7911,114.3483,0.89,34,97,4.01,CN,1738795235
235,rada tilly,-45.9333,-67.5333,23.27,38,0,9.77,AR,1738795236
236,st. john's,47.5649,-52.7093,-8.35,72,75,11.83,CA,1738795153
237,strathmore,51.0501,-113.3852,-20.73,91,100,2.93,CA,1738795238
238,thompson,55.7435,-97.8558,-13.91,61,40,6.69,CA,1738795239
239,ta`u,-14.2336,-169.5144,27.98,74,99,3.55,AS,1738795241
240,stanley,54.868,-1.6985,0.01,93,0,1.54,GB,1738795242
241,lompoc,34.6391,-120.4579,16.74,82,100,3.6,US,1738795243
242,meadow lakes,61.6247,-149.6011,-4.07,74,0,0.45,US,1738795245
243,puerto ayacucho,5.6639,-67.6236,28.16,65,65,3.77,VE,1738795247
244,luderitz,-26.6481,15.1594,19.72,69,92,11.36,NA,1738795248
245,la'ie,21.6477,-157.9253,25.66,78,93,2.68,US,1738795249
246,motueka,-41.1333,173.0167,21.17,69,100,2.53,NZ,1738795250
247,bodaybo,57.8506,114.1933,-41.56,100,93,0.48,RU,1738794998
248,burao,9.5221,45.5336,16.94,51,26,2.62,SO,1738795253
249,shar,49.5886,81.0453,-26.29,100,74,1.69,KZ,1738795254
250,belize city,17.4995,-88.1976,24.01,1,75,1.03,BZ,1738795255
251,kawalu,-7.3817,108.2082,22.0,87,90,2.41,ID,1738795256
252,beau vallon,-20.4189,57.6953,26.13,89,20,2.06,MU,1738795257
253,coquimbo,-29.9533,-71.3436,19.85,72,0,4.12,CL,1738795258
254,maceio,-9.6658,-35.7353,23.69,100,75,2.57,BR,1738795026
255,atbara,17.7022,33.9864,22.27,16,4,9.99,SD,1738795261
256,bangassou,4.7413,22.8184,23.06,41,70,0.6,CF,1738795262
257,la chorrera,8.8803,-79.7833,29.58,73,55,4.44,PA,1738795263
258,abnub,27.2696,31.1511,14.12,62,64,5.87,EG,1738795264
259,college,64.8569,-147.8028,-8.24,79,100,0.0,US,1738795266
260,morris,40.8334,-74.5329,-0.41,43,75,0.45,US,1738794981
261,nago,26.5881,127.9761,12.74,58,10,2.97,JP,1738795268
262,inarajan village,13.2736,144.7484,28.55,81,100,8.56,GU,1738795269
263,margate,51.3813,1.3862,5.94,83,100,0.45,GB,1738795270
264,villa corona,20.4167,-103.6833,29.16,15,0,2.69,MX,1738795271
265,malango,-2.9627,119.9001,19.62,90,100,1.45,ID,1738795273
266,cody,44.5263,-109.0565,1.99,45,0,8.87,US,1738794981
267,patterson,37.4716,-121.1297,14.5,47,0,2.63,US,1738795275
268,fisterra,42.9049,-9.2629,12.43,75,100,2.6,ES,1738795276
269,merritt,50.1123,-120.7942,-10.93,56,83,0.89,CA,1738795277
270,namibe,-15.1961,12.1522,23.28,83,99,2.36,AO,1738795279
271,romblon,12.5751,122.2708,26.43,80,91,6.73,PH,1738795280
272,agadez,19.75,10.25,21.04,15,98,3.33,NE,1738795281
273,vadso,70.0744,29.7487,-3.91,86,100,7.72,NO,1738795282
274,tamandare,-8.7597,-35.1047,25.89,85,100,4.79,BR,1738795283
275,iwanai,42.9744,140.5089,-1.37,81,100,9.25,JP,1738795156
276,boguchany,58.3814,97.4531,-15.41,97,100,1.71,RU,1738795286
277,riviere-du-loup,47.8304,-69.5342,-12.51,66,88,4.12,CA,1738795287
278,kassala,15.451,36.4,25.78,52,0,3.07,SD,1738795288
279,dhuusamarreeb,5.535,46.3861,21.74,79,10,6.29,SO,1738795289
280,tynda,55.1667,124.7167,-23.16,90,100,1.82,RU,1738795290
281,san patricio,28.017,-97.5169,26.97,64,65,7.28,US,1738795292
282,hobyo,5.3505,48.5268,23.81,83,26,7.94,SO,1738795293
283,villa ocampo,-28.4875,-59.3551,36.67,24,6,2.54,AR,1738795294
284,cacule,-14.5033,-42.2222,26.86,43,21,3.31,BR,1738795295
285,vrontados,38.4089,26.1328,4.98,61,53,9.06,GR,1738795296
286,ad dabbah,18.05,30.95,19.04,22,3,8.14,SD,1738795298
287,hermoso campo,-27.6082,-61.3444,37.24,22,9,1.8,AR,1738795256
288,dudinka,69.4058,86.1778,-22.48,99,99,3.53,RU,1738795300
289,bismarck,46.8083,-100.7837,-10.2,69,100,2.06,US,1738795191
290,naze,28.3667,129.4833,10.51,52,98,6.92,JP,1738795302
291,ust-nera,64.5667,143.2,-41.11,98,65,1.54,RU,1738795304
292,nuuk,64.1835,-51.7216,-12.66,66,40,3.09,GL,1738795305
293,ceres,37.5949,-120.9577,14.5,42,0,3.6,US,1738795306
294,sinop,41.7711,34.8709,-1.85,98,100,3.17,TR,1738795307
295,the pas,53.8251,-101.2541,-15.99,78,40,2.57,CA,1738795308
296,timbuktu,16.7735,-3.0074,21.61,17,75,4.98,ML,1738795309
297,wukari,7.85,9.7833,25.44,12,27,2.08,NG,1738795311
298,guilin,25.2819,110.2864,7.06,86,100,1.51,CN,1738795312
299,sao vicente,-23.9631,-46.3919,27.75,61,100,2.68,BR,1738795313
300,galliano,29.4422,-90.2992,22.0,83,75,2.06,US,1738795314
301,melfort,52.8667,-104.6177,-18.93,78,100,1.54,CA,1738795315
302,polokwane,-23.9045,29.4688,23.11,56,63,3.83,ZA,1738795317
303,vetapalem,15.7833,80.3167,22.02,80,21,2.01,IN,1738795318
304,mariehamn,60.0973,19.9348,2.92,75,0,3.6,AX,1738795319
305,port lincoln,-34.7333,135.8667,19.8,72,0,3.67,AU,1738795320
306,jiwani,25.05,61.7417,19.9,46,0,2.57,PK,1738795321
307,la ronge,55.1001,-105.2842,-15.86,55,75,3.6,CA,1738795323
308,bubaque,11.2833,-15.8333,24.45,70,95,4.29,GW,1738795325
309,paita,-5.0892,-81.1144,23.37,79,67,6.27,PE,1738795326
310,tubarjal,30.4999,38.216,10.82,60,54,8.19,SA,1738795327
311,codo,-4.4553,-43.8856,24.54,90,72,0.77,BR,1738795329
312,la passe,45.5549,-0.8967,7.55,80,71,5.73,FR,1738795330
313,kamaishi,39.2667,141.8833,-1.94,68,48,10.98,JP,1738795331
314,saint-francois,46.4154,3.9054,3.69,94,100,0.0,FR,1738795332
315,ariquemes,-9.9133,-63.0408,24.24,97,75,1.29,BR,1738795333
316,miyaly,48.8844,53.7836,-8.33,86,19,5.83,KZ,1738795335
317,ebon,4.582,168.6964,27.01,82,59,5.88,MH,1738795336
318,papao,-17.75,-149.55,29.82,77,85,5.7,PF,1738795337
319,red bluff,40.1785,-122.2358,11.07,54,75,6.17,US,1738795338
320,weno,7.4515,151.8468,28.97,84,100,4.63,FM,1738795339
321,port augusta,-32.5,137.7667,27.22,42,0,3.53,AU,1738795341
322,xinyang,32.1228,114.0656,1.29,46,73,0.49,CN,1738795342
323,richards bay,-28.783,32.0377,24.6,92,94,5.49,ZA,1738795343
324,kayangel,8.0823,134.7173,27.9,81,100,8.62,PW,1738795344
325,coahuayana de hidalgo,18.7,-103.6583,28.95,57,0,2.72,MX,1738795345
326,al jaradiyah,16.5795,42.9124,23.79,66,3,2.48,SA,1738795347
327,mount isa,-20.7333,139.5,26.87,78,100,3.6,AU,1738795348
328,mugia,43.1041,-9.2179,11.06,81,100,2.03,ES,1738795349
329,malvan,16.0667,73.4667,23.29,67,5,3.35,IN,1738795350
330,muynoq,43.7683,59.0214,0.78,73,13,3.96,UZ,1738795351
331,lovisa,60.4566,26.2251,0.72,98,100,4.19,FI,1738795352
332,san mariano,7.5,126.0,21.77,96,100,1.23,PH,1738795354
333,saffron walden,52.0234,0.2423,3.4,93,74,1.54,GB,1738795355
334,bandarbeyla,9.4942,50.8122,22.63,75,44,6.38,SO,1738795356
335,scalea,39.813,15.7956,10.73,58,0,2.74,IT,1738795358
336,missoula,47.0166,-113.8009,-7.09,71,89,5.03,US,1738795359
337,opuwo,-18.0607,13.84,19.75,84,100,2.07,NA,1738795360
338,cill airne,52.05,-9.5167,3.41,87,2,2.26,IE,1738795361
339,castillos,-34.1667,-53.8333,22.72,93,100,5.23,UY,1738795362
340,novyy oskol,50.7631,37.8691,-4.53,95,56,2.87,RU,1738795363
341,santa terezinha,-29.9002,-50.0904,26.09,91,0,4.28,BR,1738795365
342,sierra grande,-41.606,-65.3557,29.87,18,36,8.48,AR,1738795366
343,kolonia,50.9333,6.95,3.92,92,100,1.03,DE,1738795367
344,wangkui,46.8333,126.5,-28.64,99,40,2.19,CN,1738795368
345,kulhudhuffushi,6.6221,73.07,27.04,73,24,3.6,MV,1738795369
346,serdar,38.9764,56.2757,5.39,56,81,3.41,TM,1738795371
347,ancud,-41.8697,-73.8203,14.36,77,99,3.83,CL,1738795304
348,dourbali,11.8091,15.8632,23.51,11,26,4.95,TD,1738795373
349,bom jesus,-9.0744,-44.3586,25.44,63,50,1.2,BR,1738795210
350,korla,41.7597,86.1469,-8.94,76,100,3.13,CN,1738795155
351,decatur,39.8403,-88.9548,1.03,93,100,6.17,US,1738795131
352,mitsamiouli,-11.3847,43.2844,27.22,77,100,7.3,KM,1738795378
353,codrington,-38.2667,141.9667,21.3,63,56,2.9,AU,1738795379
354,douz,33.4663,9.0203,12.09,70,19,4.45,TN,1738795380
355,segou,13.4317,-6.2157,23.67,15,100,4.03,ML,1738795381
356,gadani,25.1185,66.7299,19.22,48,0,2.74,PK,1738795382
357,katabu,-4.9333,122.5167,24.46,94,100,0.93,ID,1738795384
358,san antonio de pale,-1.4014,5.6325,27.56,79,100,3.07,GQ,1738795385
359,pennagaram,12.1333,77.9,19.21,75,9,1.92,IN,1738795386
360,artashat,39.9614,44.5445,0.12,55,100,2.66,AM,1738795387
361,mana,5.6592,-53.7767,24.79,91,99,4.26,GF,1738795388
362,jinshi,29.6049,111.8701,5.15,49,99,2.45,CN,1738795390
363,vizinga,61.0749,50.1031,-19.08,100,73,1.33,RU,1738795391
364,ishpeming,46.4885,-87.6676,-5.82,61,78,1.72,US,1738795392
365,gernsheim,49.76,8.4958,2.57,93,86,1.86,DE,1738795393
366,okhotsk,59.3833,143.3,-22.04,67,23,7.1,RU,1738795394
367,rodolfo sanchez taboada,31.7167,-116.5667,17.83,97,3,2.24,MX,1738795395
368,kiunga,-6.1219,141.2906,23.39,99,100,1.28,PG,1738795397
369,sao tome,0.3365,6.7273,26.9,81,100,2.09,ST,1738795150
370,puerto baquerizo moreno,-0.9,-89.6,29.55,58,20,3.09,EC,1738795399
371,chahal guatemala,15.75,-89.5667,26.59,61,19,2.36,GT,1738795400
372,polatli,39.5772,32.1413,-2.53,62,63,4.3,TR,1738795401
373,funafuti,-8.5243,179.1942,31.0,66,20,4.63,TV,1738795402
374,las lomitas,-24.7096,-60.593,38.15,24,20,3.62,AR,1738795404
375,rasht,37.2808,49.5832,7.59,91,100,1.58,IR,1738795405
376,horta,38.5333,-28.6333,17.8,96,40,5.36,PT,1738795406
377,kirakira,-10.4544,161.9205,28.57,80,100,4.36,SB,1738795407
378,shaffa,10.5067,12.3332,21.88,16,10,3.26,NG,1738795408
379,nezhinka,51.7676,55.3694,-5.91,73,0,9.0,RU,1738795410
380,palikir - national government center,6.9248,158.1611,28.41,74,100,4.63,FM,1738795411
381,along,28.1667,94.7667,9.31,88,63,0.33,IN,1738795412
382,prince rupert,54.3161,-130.3201,2.83,36,0,6.69,CA,1738795413
383,choma,-16.8065,26.9531,17.68,80,80,1.04,ZM,1738795416
384,verkhnevilyuysk,63.4453,120.3167,-45.64,100,61,1.03,RU,1738795417
385,palangkaraya,-2.2,113.8333,23.31,98,82,0.54,ID,1738795418
386,kosh-agach,50.0,88.6667,-31.22,90,60,1.15,RU,1738795419
387,hammerfest,70.6634,23.6821,2.25,80,40,9.77,NO,1738795420
388,alice springs,-23.7,133.8833,29.75,35,64,1.03,AU,1738795422
389,barah,13.7,30.3667,20.24,21,10,5.24,SD,1738795423
390,berdigestyakh,62.0989,126.6992,-43.73,100,60,0.45,RU,1738795424
391,techiman,7.5862,-1.9414,27.36,15,1,0.49,GH,1738795427
392,bhinmal,25.0,72.25,14.17,23,0,3.32,IN,1738795428
393,juan griego,11.0817,-63.9655,24.51,85,4,4.91,VE,1738795429
394,tralee,52.2704,-9.7026,2.81,89,1,2.16,IE,1738795430
395,toliara,-23.35,43.6667,26.7,85,30,2.06,MG,1738795431
396,mandera,3.9366,41.867,27.67,32,43,3.01,KE,1738795432
397,saynshand,44.8824,110.1163,-22.26,63,100,10.89,MN,1738795434
398,semnan,35.5729,53.3971,5.42,36,100,3.45,IR,1738795435
399,bom jesus da lapa,-13.255,-43.4181,26.86,37,30,2.26,BR,1738795436
400,pucallpa,-8.3791,-74.5539,30.02,62,40,2.57,PE,1738795437
401,itambe,-15.245,-40.6244,22.81,83,48,1.56,BR,1738795438
402,glubokoye,50.1456,82.3114,-28.14,76,100,1.0,KZ,1738795440
403,taoudenni,22.6783,-3.9836,16.83,17,0,5.82,ML,1738795441
404,linxia chengguanzhen,35.6003,103.2064,-10.91,88,100,0.64,CN,1738795442
405,pasuquin,18.3328,120.6177,21.97,83,75,3.09,PH,1738795443
406,berezovyy,51.6667,135.7,-13.16,93,100,5.96,RU,1738795444
407,castro,-24.7911,-50.0119,18.16,98,100,3.3,BR,1738795446
408,taroudant,30.4703,-8.877,12.03,40,0,0.87,MA,1738795447
409,ilha de mocambique,-15.0342,40.7358,25.39,87,100,2.78,MZ,1738795449
410,korsakov,46.6328,142.7813,-1.09,92,100,7.01,RU,1738795450
411,chabahar,25.2919,60.643,20.28,43,0,0.63,IR,1738795451
412,warrenville,41.8178,-88.1734,-0.62,67,100,6.17,US,1738795453
413,asha,54.9973,57.2722,-15.86,96,71,2.09,RU,1738795454
414,egilsstadir,65.2653,-14.3948,10.95,54,75,23.66,IS,1738795455
415,alofi,-19.0595,-169.9187,28.94,79,75,4.12,NU,1738795456
416,flying fish cove,-10.4217,105.6791,26.82,94,100,6.17,CX,1738795459
417,petropavlovsk-kamchatsky,53.0452,158.6483,-1.67,47,20,3.0,RU,1738795460
418,nampula,-15.1165,39.2666,20.57,96,99,0.74,MZ,1738795461
419,san onofre,9.7359,-75.5263,27.18,72,27,4.8,CO,1738795462
420,patong,7.8961,98.2966,25.08,83,99,4.96,TH,1738795463
421,pelileo,-1.3167,-78.5333,22.49,56,20,3.6,EC,1738795465
422,vila franca do campo,37.7167,-25.4333,18.27,99,92,2.2,PT,1738795466
423,ola,59.5833,151.2833,-23.28,79,8,3.9,RU,1738795467
424,laibin,23.7,109.2667,10.49,80,100,3.22,CN,1738795468
425,awjilah,29.1081,21.2869,12.97,59,100,4.39,LY,1738795469
426,hillsboro,45.5229,-122.9898,4.5,90,100,3.6,US,1738795470
427,fort-shevchenko,44.5086,50.263,2.61,77,41,5.23,KZ,1738795472
428,vila velha,-20.3297,-40.2925,26.97,74,0,6.17,BR,1738795473
429,brokopondo,4.75,-55.1667,24.92,88,98,4.1,SR,1738795474
430,thohoyandou,-22.9456,30.485,24.25,55,7,1.76,ZA,1738795475
431,sao jose do rio preto,-20.8197,-49.3794,26.15,69,40,0.51,BR,1738795241
432,yelizovo,53.1873,158.3805,-0.92,47,20,3.0,RU,1738795478
433,pisco,-13.7,-76.2167,24.03,78,20,7.72,PE,1738795479
434,matoury,4.8483,-52.3317,26.98,89,100,1.54,GF,1738795480
435,murzuq,25.9155,13.9184,14.41,33,100,3.73,LY,1738795481
436,wincanton,51.0568,-2.4057,2.3,94,98,0.51,GB,1738795482
437,warmbad,-28.45,18.7333,24.85,36,96,6.22,NA,1738795484
438,qom,34.6401,50.8764,6.5,38,100,2.47,IR,1738795485
439,ingeniero jacobacci,-41.3427,-69.5448,17.65,42,45,13.14,AR,1738795486
440,bah,26.87,78.5975,10.06,35,0,3.87,IN,1738795487
441,road town,18.4167,-64.6167,26.02,73,20,4.12,VG,1738795400
442,port macquarie,-31.4333,152.9167,27.26,73,36,0.45,AU,1738795489
443,jinan,36.6683,116.9972,-1.78,21,8,3.76,CN,1738795491
444,labrador city,52.9463,-66.9114,-22.05,64,75,4.63,CA,1738795492
445,khabarovsk,48.4808,135.0928,-10.11,85,75,2.0,RU,1738795315
446,santa ana de yacuma,-13.75,-65.4333,31.97,58,75,3.09,BO,1738795494
447,qarauyl,48.9451,79.255,-21.17,100,100,2.3,KZ,1738795495
448,bikenibeu village,1.3673,173.1241,28.98,79,40,4.63,KI,1738795497
449,modasa,23.4667,73.3,15.14,27,0,4.29,IN,1738795498
450,kupang,-10.1667,123.5833,26.32,100,75,1.03,ID,1738795499
451,axim,4.8699,-2.2405,26.82,87,26,4.35,GH,1738795500
452,kruisfontein,-34.0033,24.7314,18.92,70,100,2.72,ZA,1738795501
453,porec,45.2258,13.5939,1.99,54,78,2.3,HR,1738795502
454,santiago,-33.4569,-70.6483,31.36,26,0,7.2,CL,1738795121
455,nahrin,36.0649,69.1334,2.72,59,0,3.74,AF,1738795505
456,kerikeri,-35.2268,173.9474,23.4,44,85,1.12,NZ,1738795506
457,yanbu,24.0891,38.0637,21.02,73,0,4.12,SA,1738795507
458,luena,-11.7833,19.9167,16.53,92,100,1.79,AO,1738795508
459,kavaratti,10.5669,72.642,26.93,73,9,4.29,IN,1738795510
460,newcastle,-32.9272,151.7765,25.4,80,75,1.54,AU,1738795511
461,dzuunmod,48.2199,97.3744,-26.06,92,21,2.74,MN,1738795512
462,venice,27.0998,-82.4543,22.78,83,47,1.34,US,1738795363
463,gudauta,43.1055,40.6207,4.19,92,100,1.09,GE,1738795516
464,saint-philippe,-21.3585,55.7679,27.65,81,26,3.59,RE,1738795517
465,gizo,-8.103,156.8419,28.44,75,100,4.46,SB,1738795518
466,nogliki,51.8333,143.1667,-1.75,95,100,13.21,RU,1738795519
467,zakamensk,50.3741,103.2863,-26.57,93,100,1.54,RU,1738795521
468,san jose del guaviare,2.5729,-72.6459,29.2,48,51,1.18,CO,1738795522
469,swakopmund,-22.6833,14.5333,18.26,87,93,2.93,NA,1738795523
470,ales,44.1333,4.0833,3.03,63,0,1.89,FR,1738795494
471,kampene,-3.6,26.6667,21.13,97,100,0.63,CD,1738795525
472,hirara,24.8,125.2833,14.92,58,81,5.14,JP,1738795527
473,hitachi,36.6,140.65,0.48,55,19,5.79,JP,1738795528
474,argo,37.6333,22.7333,5.1,76,0,1.54,GR,1738795530
475,ulanhot,46.0833,122.0833,-19.9,92,100,1.43,CN,1738795531
476,quellon,-43.1167,-73.6167,13.87,74,88,4.56,CL,1738795532
477,fortuna,40.5982,-124.1573,9.4,91,75,5.66,US,1738795534
478,cunha,-23.0744,-44.9597,20.39,87,99,0.72,BR,1738795535
479,yaroslavskaya,44.6106,40.4642,-0.58,73,100,6.44,RU,1738795536
480,lae,-6.7221,146.9847,26.27,75,100,2.43,PG,1738795537
481,karratha,-20.7377,116.8463,30.57,69,59,3.95,AU,1738795540
482,shingu,33.7333,135.9833,1.09,56,9,5.96,JP,1738795542
483,sagua la grande,22.8067,-80.0756,23.72,67,13,5.67,CU,1738795543
484,sylt-ost,54.8833,8.35,6.05,94,100,3.13,DE,1738795544
485,borovskoy,53.8,64.15,-13.49,98,94,3.25,KZ,1738795546
486,hawera,-39.5917,174.2833,21.35,57,81,2.35,NZ,1738795547
487,san pedro pochutla,15.7333,-96.4667,32.06,51,2,3.09,MX,1738795548
488,catio,11.2833,-15.25,23.66,53,100,1.52,GW,1738795549
489,nong khai,17.9167,103.0833,17.52,69,2,2.95,TH,1738795550
490,north branch,45.5113,-92.9802,-5.51,62,100,1.34,US,1738795552
491,ulladulla,-35.35,150.4667,23.23,72,36,1.97,AU,1738795553
492,tan-tan,28.438,-11.1032,14.93,58,0,5.2,MA,1738795555
493,saint-georges,12.0564,-61.7485,26.82,74,20,6.17,GD,1738795557
494,san jose de jachal,-30.2406,-68.7469,30.43,27,0,6.35,AR,1738795559
495,westport,41.1415,-73.3579,-0.25,46,94,0.48,US,1738795560
496,zeya,53.75,127.2667,-17.19,83,100,2.78,RU,1738795561
497,sinazongwe,-17.2614,27.4618,24.9,66,70,1.47,ZM,1738795562
498,kadom,54.5592,42.4675,-8.24,96,90,2.29,RU,1738795563
499,podporozh'ye,60.9112,34.1706,-6.28,87,100,3.63,RU,1738795567
500,lefkada,38.8275,20.7019,9.43,87,20,3.6,GR,1738795568
501,puerto aysen,-45.4,-72.7,10.74,99,100,2.77,CL,1738795569
502,souillac,-20.5167,57.5167,26.21,89,20,2.06,MU,1738795571
503,mineiros,-17.5694,-52.5511,20.78,90,100,2.31,BR,1738795572
504,banjar,-8.19,114.9675,25.89,92,97,2.3,ID,1738795573
505,curup,-3.4667,102.5333,18.96,98,96,1.44,ID,1738795574
506,kalampaka,39.7044,21.6269,3.9,83,1,0.42,GR,1738795575
507,hancheng,32.5186,112.3522,1.7,46,100,1.14,CN,1738795578
508,salinas,36.6777,-121.6555,15.05,57,0,4.12,US,1738795482
509,rasony,55.9089,28.8126,-3.4,80,100,1.62,BY,1738795580
510,seme,15.1942,-12.9448,22.43,11,71,4.61,SN,1738795581
511,dalandzadgad,43.5708,104.425,-19.2,89,74,7.18,MN,1738795582
512,vytegra,61.0064,36.4481,-7.04,91,100,3.85,RU,1738795584
513,ciudad lazaro cardenas,17.9583,-102.2,28.09,57,0,3.85,MX,1738795585
514,kerouane,9.2667,-9.0167,23.38,23,53,0.94,GN,1738795586
515,kashgar,39.4547,75.9797,-5.44,45,45,4.0,CN,1738795587
516,mohr,54.3528,9.7167,3.87,98,100,2.06,DE,1738795588
517,saudarkrokur,65.7461,-19.6394,3.3,79,84,16.13,IS,1738795590
518,tindouf,27.6711,-8.1474,16.25,23,0,3.09,DZ,1738795591
519,hacienda huancane,-15.8222,-70.8856,9.02,35,72,4.24,PE,1738795592
520,perry,37.2506,-83.1999,5.89,91,100,0.83,US,1738795363
521,arno,60.1167,18.6333,0.88,82,36,2.88,SE,1738795594
522,okha,53.5739,142.9478,-2.81,87,100,12.49,RU,1738795596
523,suva,-18.1416,178.4415,26.71,89,75,3.09,FJ,1738795597
524,codajas,-3.8367,-62.0569,23.88,93,100,0.59,BR,1738795598
525,cadale,2.7603,46.3222,24.37,88,61,8.17,SO,1738795600
526,tchollire,8.4022,14.1698,23.33,16,14,0.92,CM,1738795601
527,woolgoolga,-30.1106,153.2007,24.93,74,11,1.92,AU,1738795603
528,labuan bajo,-8.4964,119.8877,26.33,84,72,1.68,ID,1738795604
529,uglich,57.5275,38.3317,-4.35,97,48,1.42,RU,1738795605
530,fort bragg,35.139,-79.006,11.01,63,100,5.14,US,1738795606
531,waddan,29.1614,16.139,13.6,62,100,4.11,LY,1738795607
532,hotan,37.0997,79.9269,-2.73,47,100,0.72,CN,1738795609
533,san luis de la loma,17.2706,-100.8939,28.53,56,0,3.02,MX,1738795610
534,carrizo springs,28.5219,-99.8606,26.97,54,75,5.66,US,1738795611
535,volovets,48.7109,23.1851,-1.14,85,86,1.77,UA,1738795613
536,forde,61.4522,5.8572,4.06,93,75,4.12,NO,1738795615
537,dryden,49.7833,-92.7503,-11.84,52,100,3.09,CA,1738795616
538,ahar,38.4774,47.0699,-0.07,96,100,2.86,IR,1738795617
539,gadzhiyevo,69.2551,33.3362,-5.19,83,100,10.6,RU,1738795618
540,filey,54.21,-0.2892,2.16,27,0,0.45,GB,1738795619
541,sivasli,38.4994,29.6836,-3.9,73,10,7.74,TR,1738795621
542,shushtar,32.0455,48.8567,15.56,26,0,4.58,IR,1738795622
543,sumbe,-11.2061,13.8437,25.5,88,88,2.33,AO,1738795624
544,puerto santa,-8.9906,-78.6456,23.16,77,85,3.04,PE,1738795626
545,harstad,68.799,16.5293,1.35,77,32,2.68,NO,1738795627
546,tual,-5.6667,132.75,28.1,77,100,9.36,ID,1738795628
547,sitia,35.2,26.0986,9.39,63,85,17.64,GR,1738795629
548,port isabel,26.0734,-97.2086,27.02,73,20,7.2,US,1738795631
549,longquan,24.6719,102.1613,7.74,98,25,2.15,CN,1738795632
550,sol'tsy,58.1239,30.3238,-3.07,80,100,3.52,RU,1738795633
551,jayapura,-2.5333,140.7,24.66,92,100,1.56,ID,1738795634
552,roxas,11.5853,122.7511,25.68,84,93,3.4,PH,1738795637
553,san carlos del zulia,9.0,-71.9135,28.06,66,75,2.23,VE,1738795638
554,promyshlennaya,54.9159,85.6385,-18.48,87,5,4.03,RU,1738795639
555,atbasar,51.8,68.3333,-12.4,96,45,4.27,KZ,1738795640
556,panaba,21.2833,-88.2667,27.39,60,9,7.02,MX,1738795641
557,midelt,32.6852,-4.7451,3.76,73,4,2.18,MA,1738795642
558,boca suno,-0.7167,-77.1333,27.18,71,65,0.61,EC,1738795644
559,choibalsan,48.0667,114.5,-21.7,94,100,6.85,MN,1738795645
560,cambebba,-3.6209,-38.8291,28.28,73,66,3.32,BR,1738795646
561,lazaro cardenas,17.9583,-102.2,28.09,57,0,3.85,MX,1738795647
562,san isidro,-12.1167,-77.05,24.77,73,0,7.72,PE,1738795648
563,omdurman,15.6445,32.4777,24.77,17,0,8.4,SD,1738795649
564,vredendal,-31.6683,18.5012,15.78,66,0,4.24,ZA,1738795651
565,acajutla,13.5928,-89.8275,27.96,65,5,2.29,SV,1738795652
566,pacaembu,-21.5622,-51.2606,21.33,90,100,3.37,BR,1738795654
567,kyzyl,51.7,94.45,-26.9,98,85,1.03,RU,1738795655
